id;apellidoNombre;correo
200;Juarez, Andres;ajuarez@gmail.com
204;Chacon, Rosario;rochacon@gmail.com
230;Flores, Miriam;floresmiriam@gmail.com
233;Monla, Estela;estelita45@gmail.com
237;Millan, Jairo;jairomillan@gmail.com
243;Morales, Claudia;claudiamorales@gmail.com
256;Romero, Graciela;graceromero@gmail.com
267;Cortez, Monica;monicaelenacortez@gmail.com
269;Linares, Jose;jlinares34@gmail.com
277;Ruiz, Eduardo;eduruiz009@gmail.com
278;Rodriguez, Julian;juliancitorodriguez@gmail.com
280;Espejo, Luis;luisespejo23@gmail.com
289;Estrada, Belen;beluestrada@gmail.com
215;Barcelo, Betina;betinabb@gmail.com
245;Torres, Juan;juantorres@gmail.com
255;Fernandez, Miguel;miguelitofer@gmail.com
279;Garcia, Antonia;antogracia12@gmail.com